model,bin,p_pred,p_true,n
Bradley-Terry,0,0.07951252846102941,0.10574326145978509,379
Bradley-Terry,1,0.15562971591175387,0.17041048575486747,1964
Bradley-Terry,2,0.2509878124149288,0.25555908112820525,3037
Bradley-Terry,3,0.35122449140459655,0.3533918801247322,3212
Bradley-Terry,4,0.45029580557176524,0.44681791895411466,3408
Bradley-Terry,5,0.5497041944282348,0.5531820810458853,3408
Bradley-Terry,6,0.6487755085954034,0.6466081198752676,3212
Bradley-Terry,7,0.7490121875850713,0.7444409188717949,3037
Bradley-Terry,8,0.8443702840882462,0.8295895142451326,1964
Bradley-Terry,9,0.9204874715389705,0.8942567385402149,379
Elo,2,0.2852758723473544,0.08665978834710217,51
Elo,3,0.3690234193238265,0.17625271875227802,2975
Elo,4,0.4550251921173498,0.37050571984055153,8974
Elo,5,0.5449748078826501,0.6294942801594484,8974
Elo,6,0.6309765806761735,0.8237472812477219,2975
Elo,7,0.7147241276526458,0.9133402116528978,51
