distance,p_true,p_Bradley-Terry,p_Elo,acc_Bradley-Terry,acc_Elo,n
1,0.5498339973124778,0.5334741134125942,0.5119385419994406,0.5957304869913276,0.5867244829886591,2998
2,0.598687660112452,0.5624246165630437,0.5226737015164576,0.6685755189692197,0.6728704366499642,2794
3,0.6456563062257955,0.5888109794973374,0.5322693157788273,0.7401365705614568,0.7279969650986343,2636
4,0.6899744811276125,0.6160653079861933,0.5427445849749359,0.7948084054388134,0.784507622579316,2427
5,0.7310585786300049,0.6494981419665824,0.5552231799785705,0.8558476881233001,0.8508612873980055,2206
6,0.7685247834990178,0.674607703167183,0.5655567383673974,0.888944472236118,0.8844422211105553,1999
7,0.8021838885585817,0.7025708944267046,0.5766024869547595,0.9315375982042648,0.9304152637485971,1782
8,0.8320183851339245,0.7273728151757876,0.5872057921541824,0.947936507936508,0.9466666666666667,1575
9,0.8581489350995123,0.7457735848749585,0.5952201898331082,0.9742489270386266,0.9706723891273248,1398
10,0.8807970779778823,0.768138972374318,0.6055781969929124,0.9823825503355704,0.9832214765100671,1192
11,0.9002495108803148,0.7902210568989138,0.6156711055937105,0.9909547738693467,0.992964824120603,995
12,0.9168273035060777,0.8064773859132148,0.6242706367545018,0.9974747474747475,0.9949494949494949,792
13,0.9308615796566533,0.825346041507624,0.6332908760624759,1.0,1.0,599
14,0.9426758241011313,0.8404271336841892,0.6421664708455838,0.9950124688279302,0.9950124688279302,401
15,0.9525741268224334,0.8555358406763697,0.6497481397208045,1.0,1.0,206
