week,team_a,team_b,winner
1,GB,NYJ,GB
1,NO,PHI,PHI
1,DAL,CLE,CLE
1,CHI,DEN,CHI
1,KC,MIN,MIN
1,NE,PIT,NE
1,SEA,HOU,SEA
1,ARI,NYG,NYG
2,NYJ,DEN,DEN
2,DAL,KC,KC
2,MIN,PIT,PIT
2,ARI,CHI,CHI
2,GB,NO,NO
2,SEA,NE,SEA
2,NYG,CLE,CLE
2,HOU,PHI,PHI
3,NYJ,CLE,CLE
3,KC,HOU,KC
3,DEN,NYG,NYG
3,GB,SEA,GB
3,CHI,MIN,CHI
3,PHI,PIT,PIT
3,NE,NO,NO
3,ARI,DAL,DAL
4,NO,NYJ,NYJ
4,DAL,MIN,DAL
4,KC,PHI,KC
4,NYG,PIT,PIT
4,DEN,CLE,DEN
4,GB,HOU,GB
4,SEA,ARI,SEA
4,CHI,NE,NE
5,NYG,PHI,NYG
5,CLE,MIN,CLE
5,ARI,DEN,DEN
5,CHI,DAL,DAL
5,NYJ,HOU,HOU
5,PIT,SEA,SEA
5,NE,GB,NE
5,NO,KC,KC
6,NO,DAL,NO
6,CLE,CHI,CHI
6,SEA,DEN,DEN
6,MIN,PHI,PHI
6,NYJ,PIT,PIT
6,ARI,NE,NE
6,HOU,NYG,HOU
6,GB,KC,GB
7,DEN,DAL,DAL
7,SEA,NYG,SEA
7,GB,ARI,GB
7,NE,NYJ,NE
7,MIN,HOU,MIN
7,CHI,PHI,PHI
7,NO,PIT,PIT
7,KC,CLE,KC
8,DAL,PHI,PHI
8,DEN,KC,KC
8,CLE,HOU,HOU
8,CHI,GB,CHI
8,ARI,PIT,PIT
8,MIN,NO,MIN
8,NYJ,SEA,SEA
8,NYG,NE,NE
9,CLE,GB,GB
9,NO,SEA,NO
9,DEN,PIT,PIT
9,KC,NYG,KC
9,MIN,ARI,MIN
9,PHI,NYJ,NYJ
9,CHI,HOU,HOU
9,DAL,NE,DAL
10,SEA,DAL,SEA
10,NYJ,CHI,CHI
10,PIT,CLE,PIT
10,MIN,DEN,MIN
10,GB,PHI,GB
10,KC,NE,KC
10,NYG,NO,NYG
10,HOU,ARI,ARI
11,GB,NYG,GB
11,NO,DEN,NO
11,CHI,SEA,SEA
11,HOU,NE,HOU
11,DAL,PIT,DAL
11,MIN,NYJ,NYJ
11,ARI,KC,KC
11,PHI,CLE,PHI
