model,week,spearman,spearman_lo,spearman_hi,spearman_q10,spearman_q90,acc_test,acc_test_lo,acc_test_hi,acc_test_q10,acc_test_q90,mae_test,mae_test_lo,mae_test_hi,mae_test_q10,mae_test_q90
Bradley-Terry,0,0.0,0.0,0.0,0.0,0.0,0.5,0.5,0.5,0.5,0.5,0.23407558610992396,0.23239827989647843,0.2357528923233695,0.21497953117953666,0.25204706189361736
Bradley-Terry,1,0.37492814126324414,0.3505972725361146,0.39925900999037367,0.08134892168199608,0.6507913734559686,0.609,0.6005665467332634,0.6174334532667366,0.5,0.7,0.21000212390768982,0.20694502947669474,0.2130592183386849,0.17437108383950795,0.24447002524557643
Bradley-Terry,2,0.4882368297979468,0.46629495349466754,0.5101787061012261,0.21061771209714353,0.7349439729587427,0.6699166666666666,0.65910367224577,0.6807296610875632,0.5375,0.7887500000000003,0.19022880211650295,0.1867152799342984,0.1937423242987075,0.1555577571191641,0.2351906955427682
Bradley-Terry,3,0.5852206689299428,0.5659725995413021,0.6044687383185836,0.3558823529411765,0.7885294117647059,0.709375,0.6996228295801113,0.7191271704198886,0.6,0.8025000000000007,0.1749186480910926,0.1715300059209853,0.17830729026119987,0.14039774414536374,0.21436068904468203
Bradley-Terry,4,0.6444233222919808,0.6277926682591791,0.6610539763247826,0.4497058823529412,0.8094117647058824,0.7308749999999999,0.7217047536030958,0.740045246396904,0.625,0.825,0.16395002074197593,0.16055462960479663,0.16734541187915522,0.1278434005038428,0.20485847387926118
Bradley-Terry,5,0.6896186862674338,0.6748591359168884,0.7043782366179793,0.5320588235294118,0.8476470588235296,0.7548750000000001,0.7464404002370869,0.7633095997629132,0.6725000000000001,0.85,0.15482959063962212,0.1514749217595326,0.15818425951971166,0.11728642669101551,0.19215743642158326
Bradley-Terry,6,0.7199901960784314,0.7062007329925792,0.7337796591642836,0.5664705882352943,0.8617647058823529,0.7676666666666667,0.7590899122939205,0.7762434210394129,0.675,0.85,0.1478515037392019,0.14454948218416377,0.15115352529424,0.11110251183344236,0.18761469274995043
Bradley-Terry,7,0.7575686274509804,0.7462476296893257,0.7688896252126352,0.6232352941176471,0.8738235294117647,0.7828333333333334,0.7748040387620911,0.7908626279045756,0.7,0.875,0.14013134519514087,0.1369850983230953,0.14327759206718643,0.1050883943010846,0.1744888760444143
Bradley-Terry,8,0.7829999999999999,0.7727202463837717,0.7932797536162282,0.65,0.8911764705882352,0.7939999999999999,0.7859338308380103,0.8020661691619896,0.7,0.875,0.13434172271934083,0.13118790657793192,0.13749553886074975,0.09899558496723312,0.1731967772154304
Bradley-Terry,9,0.8011666666666666,0.7923521485252866,0.8099811848080466,0.696764705882353,0.8911764705882352,0.8043333333333333,0.7965987428077599,0.8120679238589068,0.7225,0.8775000000000006,0.12970432198984047,0.12673719271264047,0.13267145126704047,0.09681351473956724,0.16612922610421962
Bradley-Terry,10,0.8151666666666667,0.8067364930099435,0.8235968403233899,0.7088235294117646,0.9029411764705882,0.8126666666666668,0.8045669405701192,0.8207663927632143,0.7,0.9,0.12466497932706917,0.1218556783399548,0.12747428031418354,0.09301712801310645,0.15682011248024816
Elo,0,0.0,0.0,0.0,0.0,0.0,0.5,0.5,0.5,0.5,0.5,0.23407558610992396,0.23239827989647843,0.2357528923233695,0.21497953117953666,0.25204706189361736
Elo,1,0.37492814126324414,0.3505972725361146,0.39925900999037367,0.08134892168199608,0.6507913734559686,0.609,0.6005665467332634,0.6174334532667366,0.5,0.7,0.22780796318140945,0.22607981855907228,0.22953610780374661,0.2082024632067238,0.24735577333153327
Elo,2,0.4998300144719044,0.4789349486057475,0.5207250803380613,0.2536763218431444,0.7119969147488463,0.673125,0.663395499890531,0.6828545001094689,0.5625,0.7875,0.2215424527119275,0.21979222401919285,0.22329268140466213,0.20292761287668237,0.2406489082928485
Elo,3,0.5782690640647526,0.5590705219918152,0.5974676061376901,0.35452548229299297,0.7707018076822465,0.7074583333333334,0.6979044446043507,0.7170122220623161,0.6,0.8125,0.21558323370919433,0.213826900915101,0.21733956650328765,0.19644258615393664,0.23522821933609842
Elo,4,0.6369808061659931,0.620675044225177,0.6532865681068091,0.4337869636991442,0.8002941176470588,0.7294583333333333,0.7204336893150763,0.7384829773515903,0.63625,0.825,0.21019142123776927,0.20845112315879719,0.21193171931674135,0.1910835311642035,0.22933861003334652
Elo,5,0.6786372549019608,0.6634953918634084,0.6937791179405132,0.5117647058823529,0.8355882352941177,0.7511666666666666,0.7424120562573564,0.7599212770759769,0.65,0.85,0.20510638496395572,0.20334505877098777,0.20686771115692368,0.18652659405975058,0.22503955081005428
Elo,6,0.7099509803921568,0.6959300114826141,0.7239719493016994,0.5526470588235294,0.85,0.7604166666666666,0.7519045552109577,0.7689287781223756,0.6725000000000001,0.85,0.2002461631224215,0.19846181238250346,0.20203051386233953,0.18160213083544308,0.22230754192456637
Elo,7,0.7489901960784313,0.7373975645677118,0.7605828275891509,0.6058823529411764,0.8705882352941177,0.7774166666666666,0.7697111833820457,0.7851221499512876,0.675,0.85,0.19511101169443715,0.19331774179789848,0.1969042815909758,0.17461477145957685,0.21673306079405996
Elo,8,0.7744901960784314,0.7642028678208573,0.7847775243360054,0.6441176470588235,0.8911764705882352,0.7879999999999999,0.7800606627741804,0.7959393372258194,0.7,0.875,0.19011293123542464,0.1883079054839728,0.19191795698687647,0.17008354232385223,0.21203008756189848
Elo,9,0.7914803921568627,0.7824552953618752,0.8005054889518503,0.6908823529411765,0.8885294117647059,0.7965,0.7888644423603625,0.8041355576396375,0.7,0.875,0.18569344571492039,0.18392336912375729,0.18746352230608349,0.16694714488697798,0.20735930406059483
Elo,10,0.8064117647058823,0.7974544392027644,0.8153690902090002,0.6997058823529413,0.8914705882352941,0.8034166666666666,0.7954495356133724,0.8113837977199607,0.7,0.9,0.18107921825711476,0.17933360916506835,0.18282482734916117,0.16168942542330642,0.2020374522226681
Record,0,0.0,0.0,0.0,0.0,0.0,,,,,,,,,,
Record,1,0.37492814126324414,0.3505972725361146,0.39925900999037367,0.08134892168199608,0.6507913734559686,,,,,,,,,,
Record,2,0.5130771220020333,0.49314877750032254,0.533005466503744,0.28761187081776396,0.7313134441247996,,,,,,,,,,
Record,3,0.5958723796304597,0.5782826229799862,0.6134621362809332,0.3732237938901044,0.7842749911790088,,,,,,,,,,
Record,4,0.6496986952942143,0.6338475367359305,0.6655498538524981,0.45226040169678045,0.8096829140900611,,,,,,,,,,
Record,5,0.6887161277607197,0.6740848325935527,0.7033474229278867,0.5120115020540827,0.8457290705295132,,,,,,,,,,
Record,6,0.7217106576572945,0.7084116896468723,0.7350096256677167,0.5743946071657693,0.8658327414284734,,,,,,,,,,
Record,7,0.7561835519469122,0.7450367982586839,0.7673303056351406,0.6310525096674404,0.8736135427557494,,,,,,,,,,
Record,8,0.7826787922736761,0.7729996960434302,0.792357888503922,0.66763567091639,0.8903189277854862,,,,,,,,,,
Record,9,0.7985853217686482,0.7898693201848235,0.8073013233524728,0.6939010245511148,0.8875259872603662,,,,,,,,,,
Record,10,0.8154574951297123,0.8070920843005382,0.8238229059588864,0.7123759570884496,0.9007929253125463,,,,,,,,,,
