better,worse,b,w,distance,split,week11,p_true,p_Bradley-Terry,p_Elo
NE,KC,0,1,1,train,False,0.5498339973124778,0.3694524354249737,0.4444831963751288
NE,PHI,0,2,2,test,False,0.598687660112452,0.5724861750732805,0.527654631795966
NE,GB,0,3,3,train,False,0.6456563062257954,0.44610403014985966,0.47351637837439275
NE,SEA,0,4,4,train,False,0.6899744811276125,0.45684367665197767,0.47614400567870474
NE,PIT,0,5,5,train,False,0.7310585786300049,0.3912606657036055,0.4466223700162557
NE,DAL,0,6,6,train,False,0.7685247834990178,0.5842385187156762,0.5213613515953891
NE,DEN,0,7,7,test,False,0.8021838885585818,0.6599672939034265,0.5505670613335905
NE,CHI,0,8,8,train,False,0.8320183851339245,0.5454480144835303,0.5018535617235853
NE,MIN,0,9,9,test,False,0.8581489350995123,0.5914175925051706,0.5222637785118907
NE,NO,0,10,10,train,False,0.8807970779778823,0.6226973562320364,0.550408861502844
NE,NYG,0,11,11,train,False,0.9002495108803148,0.6507153281039039,0.5486956806620024
NE,HOU,0,12,12,test,True,0.9168273035060777,0.6622212647302115,0.5483327608701613
NE,ARI,0,13,13,train,False,0.9308615796566533,0.8209522815823874,0.61844605077342
NE,NYJ,0,14,14,train,False,0.9426758241011313,0.7636824455466664,0.5949353898676607
NE,CLE,0,15,15,test,False,0.9525741268224334,0.6465892967678553,0.5561872998853528
KC,PHI,1,2,1,train,False,0.5498339973124778,0.6956288785793998,0.5826637816752317
KC,GB,1,3,2,train,False,0.598687660112452,0.5788713459753687,0.5292049404620937
KC,SEA,1,4,3,test,False,0.6456563062257954,0.5894060798005366,0.5318294299806641
KC,PIT,1,5,4,test,False,0.6899744811276125,0.5231211073562106,0.5021648343352116
KC,DAL,1,6,5,train,False,0.7310585786300049,0.7057360558350624,0.5765151934753671
KC,DEN,1,7,6,train,False,0.7685247834990178,0.7681180557301818,0.6049058471499293
KC,CHI,1,8,7,test,False,0.8021838885585818,0.671915590514892,0.5573467605450496
KC,MIN,1,9,8,train,False,0.8320183851339245,0.7118519030752052,0.5773979225293459
KC,NO,1,10,9,train,False,0.8581489350995123,0.7379961808397083,0.6047530432763686
KC,NYG,1,11,10,train,False,0.8807970779778823,0.7607419591631828,0.6030976161351256
KC,HOU,1,12,11,train,False,0.9002495108803148,0.7699050723459444,0.6027467709113502
KC,ARI,1,13,12,test,True,0.9168273035060777,0.8866911268170274,0.6695043832228967
KC,NYJ,1,14,13,test,False,0.9308615796566533,0.8465172208363299,0.6473458428945856
KC,CLE,1,15,14,train,False,0.9426758241011313,0.7574311497046687,0.6103275077892234
PHI,GB,2,3,1,train,False,0.549833997312478,0.3755624225366489,0.4460198855997976
PHI,SEA,2,4,2,test,False,0.598687660112452,0.38578664723581274,0.4486249482751176
PHI,PIT,2,5,3,train,False,0.6456563062257954,0.324313600597141,0.4194433891446641
PHI,DAL,2,6,4,train,False,0.6899744811276125,0.5120465753677735,0.4936918137998609
PHI,DEN,2,7,5,test,False,0.7310585786300049,0.591735987023697,0.5230413146761427
PHI,CHI,2,8,6,train,False,0.7685247834990178,0.47260078874414496,0.47419363863598424
PHI,MIN,2,9,7,train,False,0.8021838885585817,0.5194468772641642,0.49459583741787594
PHI,NO,2,10,8,train,False,0.8320183851339245,0.5520633584700558,0.5228818222720442
PHI,NYG,2,11,9,train,False,0.8581489350995123,0.5818039111965116,0.5211550033479402
PHI,HOU,2,12,10,train,False,0.8807970779778825,0.5941641173721303,0.5207892789295059
PHI,ARI,2,13,11,test,False,0.9002495108803148,0.7739604293107093,0.5919967910803691
PHI,NYJ,2,14,12,train,False,0.9168273035060777,0.7070239395548605,0.5679948132871693
PHI,CLE,2,15,13,test,True,0.9308615796566533,0.5773925196844324,0.5287111179187387
GB,SEA,3,4,1,train,False,0.5498339973124778,0.5108405044700817,0.5026342845959222
GB,PIT,3,5,2,test,False,0.598687660112452,0.4438401102857704,0.47295305382399455
GB,DAL,3,6,3,test,False,0.6456563062257954,0.6356706463166849,0.5477369490968995
GB,DEN,3,7,4,test,False,0.6899744811276125,0.7067337666281213,0.5766401374025281
GB,CHI,3,8,5,train,False,0.7310585786300049,0.5983800702500522,0.5283316202624652
GB,MIN,3,9,6,test,False,0.7685247834990175,0.642505050135069,0.5486326998204167
GB,NO,3,10,7,train,False,0.8021838885585817,0.6720425306862886,0.5764840554532452
GB,NYG,3,11,8,test,True,0.8320183851339245,0.6981723234233603,0.5747934762566276
GB,HOU,3,12,9,train,False,0.8581489350995123,0.7088145129661059,0.5744352660283784
GB,ARI,3,13,10,train,False,0.8807970779778823,0.8505901681484777,0.6431336992210971
GB,NYJ,3,14,11,train,False,0.9002495108803148,0.8004964868970453,0.6202100670500921
GB,CLE,3,15,12,train,False,0.9168273035060777,0.6943435650561967,0.5821817614688684
SEA,PIT,4,5,1,train,False,0.5498339973124778,0.43316236922466594,0.47032722589198056
SEA,DAL,4,6,2,train,False,0.5986876601124521,0.6255688575326541,0.5451253630476883
SEA,DEN,4,7,3,train,False,0.6456563062257954,0.6976652108468322,0.5740656658485095
SEA,CHI,4,8,4,test,True,0.6899744811276125,0.5879146058281308,0.5257050094910732
SEA,MIN,4,9,5,test,False,0.7310585786300049,0.6324831999679287,0.5460219991744073
SEA,NO,4,10,6,train,False,0.7685247834990175,0.6624136501214194,0.573909336096849
SEA,NYG,4,11,7,train,False,0.8021838885585818,0.6889555426204517,0.572216105838792
SEA,HOU,4,12,8,train,False,0.8320183851339246,0.6997829670746332,0.5718573416388647
SEA,ARI,4,13,9,train,False,0.8581489350995123,0.8449943706120403,0.64071163867602
SEA,NYJ,4,14,10,train,False,0.8807970779778825,0.7934800670378914,0.6177249010677458
SEA,CLE,4,15,11,test,False,0.9002495108803148,0.6850626070754604,0.5796164215565867
PIT,DAL,5,6,1,test,True,0.549833997312478,0.6861570293389275,0.5743996541839047
PIT,DEN,5,7,2,train,False,0.5986876601124521,0.7512265491516853,0.6028344291649762
PIT,CHI,5,8,3,test,False,0.6456563062257954,0.6511984654735123,0.5552093423380644
PIT,MIN,5,9,4,train,False,0.6899744811276125,0.6925024976125806,0.5752835443337703
PIT,NO,5,10,5,train,False,0.7310585786300049,0.7197111220252985,0.6026813503663815
PIT,NYG,5,11,6,train,False,0.7685247834990178,0.7434925707707931,0.601022970767981
PIT,HOU,5,12,7,test,False,0.8021838885585818,0.7531018987926291,0.6006715059226834
PIT,ARI,5,13,8,train,False,0.8320183851339245,0.8770545880914211,0.6675855301974113
PIT,NYJ,5,14,9,train,False,0.8581489350995123,0.8341032704855242,0.6453664841800135
PIT,CLE,5,15,10,train,False,0.8807970779778823,0.7400246384695187,0.6082661068983808
DAL,DEN,6,7,1,train,False,0.549833997312478,0.5800432362121686,0.5293324471202049
DAL,CHI,6,8,2,train,False,0.598687660112452,0.4606062236656268,0.48048912002751715
DAL,MIN,6,9,3,train,False,0.6456563062257954,0.5074072430245039,0.5009041469091651
DAL,NO,6,10,4,train,False,0.6899744811276125,0.5401174273244622,0.5291731647275829
DAL,NYG,6,11,5,test,False,0.7310585786300049,0.5700333954225977,0.5274485375516522
DAL,HOU,6,12,6,test,False,0.7685247834990178,0.58249184218408,0.5270832580495376
DAL,ARI,6,13,7,train,False,0.8021838885585817,0.7654176697163149,0.5980773073324817
DAL,NYJ,6,14,8,test,False,0.8320183851339245,0.6969420020546775,0.5741757364898696
DAL,CLE,6,15,9,train,False,0.8581489350995123,0.5655905484785889,0.5349939523892334
DEN,CHI,7,8,1,train,False,0.5498339973124778,0.38205066139292543,0.4512682300367139
DEN,MIN,7,9,2,train,False,0.598687660112452,0.4271913338662024,0.47156868369923827
DEN,NO,7,10,3,test,True,0.6456563062257954,0.45955469073700494,0.49984017053008284
DEN,NYG,7,11,4,train,False,0.6899744811276125,0.4897605623640752,0.49811000363937963
DEN,HOU,7,12,5,test,False,0.7310585786300049,0.5025150321356016,0.49774364095826656
DEN,ARI,7,13,6,train,False,0.7685247834990175,0.7025904829861256,0.5695451432794105
DEN,NYJ,7,14,7,train,False,0.8021838885585818,0.624765944981384,0.5452369879375222
DEN,CLE,7,15,8,train,False,0.8320183851339245,0.48523729066008264,0.5056848462987434
CHI,MIN,8,9,1,train,False,0.5498339973124778,0.5467464570298038,0.5204135864416818
CHI,NO,8,10,2,test,False,0.598687660112452,0.5790117303860232,0.5485734538037833
CHI,NYG,8,11,3,test,False,0.6456563062257954,0.6082327669295705,0.5468590370094438
CHI,HOU,8,12,4,train,False,0.6899744811276125,0.6203215988771638,0.5464958609858872
CHI,ARI,8,13,5,train,False,0.7310585786300049,0.7925750175266578,0.6166949692022667
CHI,NYJ,8,14,6,train,False,0.7685247834990178,0.7292222872260445,0.5931473922106948
CHI,CLE,8,15,7,train,False,0.8021838885585817,0.603910365713626,0.5543563822975649
MIN,NO,9,10,1,train,False,0.5498339973124778,0.5327491111423444,0.5282720007210739
MIN,NYG,9,11,2,test,False,0.5986876601124521,0.5627563729714324,0.5265470259668581
MIN,HOU,9,12,3,train,False,0.6456563062257955,0.575268566713282,0.5261816756086941
MIN,ARI,9,13,4,train,False,0.6899744811276125,0.7600555169902393,0.5972076404766508
MIN,NYJ,9,14,5,test,True,0.731058578630005,0.6906472216166085,0.5732912509153255
MIN,CLE,9,15,6,train,False,0.7685247834990178,0.5582965979275073,0.5340941203874712
NO,NYG,10,11,1,train,False,0.549833997312478,0.5302559921572173,0.4982698310187189
NO,HOU,10,12,2,test,False,0.5986876601124521,0.5429428685890761,0.4979034674038713
NO,ARI,10,13,3,test,False,0.6456563062257955,0.7353230011239738,0.5697018737027082
NO,NYJ,10,14,4,train,False,0.6899744811276126,0.6619424794787494,0.5453955045324415
NO,CLE,10,15,5,test,False,0.7310585786300049,0.5257440852782898,0.5058446545267086
NYG,HOU,11,12,1,train,False,0.549833997312478,0.5127531560681696,0.4996336310693506
NYG,ARI,11,13,2,train,False,0.598687660112452,0.7110784652964011,0.5713976016176708
NYG,NYJ,11,14,3,test,False,0.6456563062257955,0.6343189947633966,0.5471108728050418
NYG,CLE,11,15,4,train,False,0.6899744811276125,0.4954739916569821,0.5075745171266504
HOU,ARI,12,13,1,train,False,0.5498339973124778,0.7004840546557481,0.5717564625654643
HOU,NYJ,12,14,2,train,False,0.598687660112452,0.6224045503179396,0.5474739641407853
HOU,CLE,12,15,3,train,False,0.6456563062257954,0.4827248241429668,0.5079407979122913
ARI,NYJ,13,14,1,test,False,0.549833997312478,0.41342193743863986,0.4753820511283187
ARI,CLE,13,15,2,test,False,0.598687660112452,0.28521629470779986,0.43603855350508386
NYJ,CLE,14,15,1,train,False,0.5498339973124778,0.36149180941632775,0.46040713070907235
