team,true_rank,true_strength,W,L,BT_theta,BT_se,BT_elo_scale,BT_rank,Elo,Elo_rank
NE,1,1.5,6,4,0.349,0.586,1561.0,5,1517.0,5
KC,2,1.3,8,2,0.883,0.604,1653.0,1,1555.0,1
PHI,3,1.1,5,5,0.057,0.578,1510.0,7,1498.0,9
GB,4,0.9,7,3,0.565,0.594,1598.0,3,1535.0,3
SEA,5,0.7,7,3,0.522,0.595,1591.0,4,1533.0,4
PIT,6,0.5,8,2,0.791,0.611,1637.0,2,1554.0,2
DAL,7,0.3,5,5,0.008,0.578,1501.0,8,1502.0,7
DEN,8,0.1,4,6,-0.315,0.586,1445.0,13,1481.0,13
CHI,9,-0.1,6,4,0.166,0.582,1529.0,6,1515.0,6
MIN,10,-0.3,5,5,-0.021,0.58,1496.0,9,1501.0,8
NO,11,-0.5,4,6,-0.152,0.583,1474.0,10,1482.0,12
NYG,12,-0.7,4,6,-0.274,0.584,1452.0,12,1483.0,11
HOU,13,-0.9,4,6,-0.325,0.585,1444.0,14,1483.0,10
ARI,14,-1.1,1,9,-1.174,0.636,1296.0,16,1433.0,16
NYJ,15,-1.3,2,8,-0.824,0.607,1357.0,15,1450.0,15
CLE,16,-1.5,4,6,-0.255,0.582,1456.0,11,1478.0,14
